"Status","Start Time","Stop Time","Duration in ms","Parent Suite","Suite","Sub Suite","Test Class","Test Method","Name","Description"
"passed","Mon Oct 27 06:40:05 UTC 2025","Mon Oct 27 06:40:09 UTC 2025","3336","testCases","test_Table","TestTable","","","TC04-Add Label in the new created table",""
"passed","Mon Oct 27 06:40:02 UTC 2025","Mon Oct 27 06:40:05 UTC 2025","3439","testCases","test_Table","TestTable","","","TC03-Create and verify Create a new table in QuickBase",""
"passed","Mon Oct 27 06:40:15 UTC 2025","Mon Oct 27 06:40:18 UTC 2025","3026","testCases","test_Table","TestTable","","","TC08-Verify Table after deleting label",""
"passed","Mon Oct 27 06:40:18 UTC 2025","Mon Oct 27 06:40:40 UTC 2025","21278","testCases","test_login","TestHome","","","User able to login into QuickBase application",""
"passed","Mon Oct 27 06:39:36 UTC 2025","Mon Oct 27 06:39:59 UTC 2025","22124","testCases","test_Table","TestTable","","","TC001-User able to login into QuickBase application",""
"passed","Mon Oct 27 06:40:09 UTC 2025","Mon Oct 27 06:40:09 UTC 2025","37","testCases","test_Table","TestTable","","","TC05-Verify Add Label after adding label",""
"passed","Mon Oct 27 06:39:59 UTC 2025","Mon Oct 27 06:40:02 UTC 2025","3390","testCases","test_Table","TestTable","","","TC02-verify User is able to click on App settings and table link",""
"passed","Mon Oct 27 06:40:11 UTC 2025","Mon Oct 27 06:40:15 UTC 2025","3245","testCases","test_Table","TestTable","","","TC07-Delete the created table",""
"passed","Mon Oct 27 06:40:09 UTC 2025","Mon Oct 27 06:40:11 UTC 2025","2718","testCases","test_Table","TestTable","","","TC06-Verify Table after adding label",""
